"","gene","X","min_2","max_other","target_score","rank","B cell exhausted","B cell naive","B cell non-switched memory","B cell switched memory","CAF","Endothelial","Macrophage M1","Macrophage M2","Macrophage other","NK","T CD4 naive","T CD8 central memory","T CD8 effector","T CD8 effector memory","T CD8 exhausted","T CD8 naive","Tfh","Th1","Th17","Th2","Treg"
"3","ARL6IP1","ARL6IP1","5.54","5.07","0.47","10","4.97","4.15","4.47","4.03","4.03","4.92","4.76","4.96","4.59","5.07","4.34","4.99","4.78","4.57","5.66","3.04","4.71","4.49","4.42","4.40","5.54"
"4","BUB3","BUB3","5.23","5.01","0.220000000000001","27","4.58","3.76","4.16","3.93","3.50","3.27","3.54","2.98","3.48","4.67","4.06","5.01","4.62","4.75","5.23","3.93","4.74","4.88","4.36","4.31","5.65"
"5","CCNE2","CCNE2","0.98","0.79","0.19","32","0.79","0.37","0.00","0.46","0.40","0.03","0.20","0.00","0.03","0.77","0.06","0.07","0.69","0.15","1.05","0.38","0.37","0.16","0.00","0.47","0.98"
"6","CD27","CD27","6.21","5.76","0.45","11","4.87","3.91","5.56","5.24","0.32","0.85","1.43","0.26","2.17","3.25","5.37","5.64","0.35","4.92","6.52","4.74","5.76","5.52","4.06","5.51","6.21"
"7","CHORDC1","CHORDC1","2.25","2","0.25","22","1.57","1.93","0.96","1.54","1.46","1.05","1.58","0.91","1.37","1.92","0.97","1.64","1.21","1.44","2.38","1.58","1.54","1.52","2.00","1.76","2.25"
"8","CSF1","CSF1","3.17","2.52","0.65","5","0.67","0.08","0.01","0.01","1.75","2.16","0.11","0.07","0.93","2.40","0.71","2.16","1.85","2.52","3.17","0.00","1.21","2.42","1.72","1.40","3.23"
"9","CTLA4","CTLA4","4.47","4.65","-0.180000000000001","2920","1.41","0.21","0.51","0.12","0.02","1.28","0.88","0.42","1.18","0.51","2.07","2.60","0.00","2.35","4.47","1.05","4.18","4.65","3.23","3.72","5.51"
"10","EID1","EID1","5.07","4.85","0.220000000000001","26","4.34","3.68","3.79","4.11","5.39","4.85","4.06","3.82","3.86","4.75","4.30","4.51","4.19","4.59","5.23","2.92","4.48","4.61","4.73","4.60","5.07"
"11","EIF4E","EIF4E","3.45","3.23","0.22","28","3.23","2.89","3.00","2.69","3.46","2.99","2.96","2.84","2.82","2.98","2.33","3.04","3.09","3.17","3.45","2.55","2.61","2.87","2.60","2.90","3.51"
"12","FLII","FLII","3.72","3.53","0.19","31","2.94","2.75","2.94","3.02","2.97","3.20","3.36","3.51","3.02","2.76","2.78","3.53","2.73","2.65","3.72","1.93","3.39","3.03","3.18","3.17","3.80"
"13","GALM","GALM","4.55","3.7","0.85","3","2.20","1.74","1.69","1.59","2.10","1.26","3.61","3.61","3.58","2.36","2.58","3.55","2.60","3.66","4.55","2.82","3.70","3.48","3.45","3.65","5.07"
"14","GBP2","GBP2","5.72","5.41","0.31","17","2.38","2.69","2.51","2.54","3.28","3.64","4.91","4.17","4.80","5.02","4.22","4.68","4.83","4.96","5.72","3.47","4.76","5.00","5.41","4.62","6.05"
"15","HNRNPR","HNRNPR","4.52","4.29","0.23","25","4.19","3.92","4.07","3.97","3.65","3.91","3.44","3.10","3.52","3.60","3.90","3.83","3.90","4.29","4.52","2.56","3.73","4.23","3.95","3.84","4.63"
"16","IGFLR1","IGFLR1","5.03","4.75","0.28","20","3.88","3.54","3.33","3.44","1.01","0.91","4.60","4.40","4.53","4.03","3.40","3.94","3.22","4.23","5.03","2.74","4.75","4.00","3.44","4.06","5.04"
"17","INPP5F","INPP5F","2.94","2.76","0.18","37","2.37","2.32","2.76","1.31","1.77","1.58","1.29","0.89","0.92","1.35","0.25","1.61","0.99","1.24","3.46","0.04","2.31","1.59","1.75","1.59","2.94"
"18","MAP2K3","MAP2K3","4.11","3.93","0.18","35","3.51","3.20","2.39","3.27","3.33","3.34","3.17","2.36","3.46","3.39","1.60","3.01","3.93","3.38","4.11","0.00","2.97","3.68","3.83","2.96","4.73"
"19","MCM6","MCM6","3.08","2.86","0.22","29","2.48","0.40","1.96","1.45","2.34","1.69","1.24","1.07","1.30","1.92","1.91","1.66","2.86","1.48","3.12","2.53","2.05","2.09","2.08","2.48","3.08"
"20","MTHFD1","MTHFD1","3.14","2.85","0.29","19","2.54","2.20","2.71","2.10","2.25","1.92","1.96","1.79","2.30","1.90","1.23","1.95","2.85","1.94","3.14","0.11","2.01","2.14","1.79","1.76","3.45"
"21","NDFIP2","NDFIP2","2.68","2.07","0.61","6","0.81","0.37","0.08","0.07","1.73","1.69","0.40","0.06","0.55","0.81","1.32","1.77","1.27","1.34","2.68","0.01","2.07","1.34","0.80","1.56","2.69"
"22","NEIL3","NEIL3","0.91","0.42","0.49","9","0.42","0.01","0.04","0.00","0.98","0.05","0.28","0.02","0.06","0.06","0.14","0.00","0.00","0.06","1.05","0.00","0.02","0.02","0.06","0.24","0.91"
"23","NMB","NMB","2.8","2.61","0.19","34","0.00","0.19","0.00","0.00","1.11","0.00","0.23","1.50","2.03","0.92","0.00","0.99","0.93","0.96","2.82","0.00","2.61","0.21","1.38","1.56","2.80"
"24","PARK7","PARK7","6.25","5.75","0.5","8","5.27","5.11","5.31","5.18","5.71","5.28","5.46","4.91","5.30","5.75","4.94","5.37","5.66","5.21","6.25","4.64","5.28","5.65","5.72","5.45","6.52"
"25","PCED1B","PCED1B","3.81","3.37","0.44","12","2.61","2.26","2.73","2.61","0.33","1.00","0.63","1.25","1.05","1.81","2.64","2.63","2.27","3.37","3.81","1.94","2.99","3.34","2.22","3.18","3.86"
"26","PDCD1","PDCD1","5.07","5.93","-0.859999999999999","10710","2.31","1.09","0.83","0.00","0.82","0.00","0.50","0.37","1.53","2.79","3.24","4.06","1.40","4.44","6.06","0.00","5.93","5.45","4.01","4.18","5.07"
"27","PTPN7","PTPN7","5.08","4.71","0.37","16","3.93","3.30","2.81","2.69","0.12","0.31","2.42","0.91","2.66","3.73","2.40","4.31","4.34","4.71","5.08","1.08","4.31","4.66","3.89","4.10","5.42"
"28","RBPJ","RBPJ","3.76","3.35","0.41","14","2.51","1.79","1.98","1.98","2.56","2.15","3.26","3.24","3.29","3.09","1.94","2.81","1.71","2.71","3.81","1.98","2.66","3.35","3.27","3.09","3.76"
"29","SGPP2","SGPP2","1.38","1.12","0.26","21","0.38","0.20","0.84","0.00","0.01","0.00","0.00","0.00","0.06","0.20","0.36","0.13","0.00","0.08","1.38","0.04","1.12","0.48","0.00","0.67","1.57"
"30","SIRPG","SIRPG","5.87","5.57","0.3","18","1.39","1.46","0.77","1.07","0.42","0.66","0.84","0.11","2.21","4.34","4.66","4.83","0.00","4.56","6.02","4.35","5.57","5.04","4.63","4.86","5.87"
"31","SOD1","SOD1","6.16","5.94","0.22","30","5.40","4.95","4.96","4.94","5.68","5.35","4.74","5.13","4.56","4.46","5.72","5.37","5.60","4.74","6.16","5.15","5.78","5.70","5.94","5.86","6.82"
"32","SYT11","SYT11","2.81","2.62","0.19","33","1.49","0.70","0.37","0.34","1.22","1.87","1.13","1.48","1.06","2.21","0.62","2.28","2.36","2.25","3.07","1.21","2.62","1.99","2.32","2.29","2.81"
"33","TIGIT","TIGIT","6.01","5.76","0.25","24","1.70","1.00","0.35","0.44","0.28","0.72","1.05","0.09","1.86","4.51","2.69","4.41","4.46","4.92","6.05","0.00","5.76","3.98","3.29","4.55","6.01"
"34","TNFRSF1B","TNFRSF1B","5.37","4.95","0.42","13","2.69","2.41","2.92","2.76","1.19","3.11","3.47","4.33","4.55","3.45","1.89","3.88","4.10","4.41","5.37","3.57","4.61","4.95","4.56","3.93","5.86"
"35","TNFRSF9","TNFRSF9","3.47","2.77","0.7","4","1.14","1.21","1.15","0.87","0.74","1.08","1.08","0.42","1.10","2.65","1.38","2.21","1.53","2.77","4.41","0.98","1.51","1.57","1.50","1.50","3.47"
"36","TNIP3","TNIP3","2.92","1.97","0.95","1","0.34","0.37","0.44","0.47","0.23","0.28","0.38","0.08","1.30","1.33","0.31","1.13","0.45","1.97","2.92","0.24","1.84","1.40","0.08","0.95","2.94"
"37","TP73","TP73","0.77","0.38","0.39","15","0.38","0.03","0.00","0.22","0.08","0.07","0.06","0.00","0.08","0.19","0.00","0.20","0.00","0.05","0.88","0.00","0.00","0.34","0.20","0.24","0.77"
"38","TRIM69","TRIM69","2.21","1.7","0.51","7","0.26","0.17","0.45","0.00","0.18","0.98","0.14","0.28","0.23","0.07","0.00","1.08","0.00","1.06","2.24","0.11","0.23","1.70","0.27","0.75","2.21"
"39","UBE2V1","UBE2V1","4.51","4.26","0.25","23","4.13","3.68","3.25","3.31","3.87","3.48","3.55","3.05","3.25","4.13","2.93","4.19","4.26","4.09","4.58","4.03","3.85","4.20","4.06","4.08","4.51"
"40","ZBED2","ZBED2","4.01","3.07","0.94","2","2.02","0.36","0.59","2.15","0.10","0.00","0.08","0.16","0.82","0.95","0.85","1.70","0.72","2.38","4.01","2.02","2.05","3.07","1.00","1.45","4.18"
"41","ZDHHC12","ZDHHC12","3.5","3.32","0.18","36","3.07","2.70","1.89","0.49","2.04","3.18","3.32","3.13","3.17","3.05","2.75","3.21","3.11","2.60","3.50","2.14","2.85","2.87","2.71","3.29","3.95"
